{"Model": "XOR", "Error": [0.49994889469945675, 0.005525085429199348, 0.0038776944220062573], "Accuracy": [50.00511053005432, 99.44749145708006, 99.61223055779938], "Hidden Units": 4, "Learning Rate": 1, "Epochs": 1000000, "Epoch Percentage Finished": 30}