{"Model": "XOR", "Error": [0.49994889469945675, 0.005525085429199348, 0.0038776944220062573, 0.0031547449110249405, 0.0027258522546625597, 0.00243407856734512, 0.002219191584865939, 0.0020524775121836163], "Accuracy": [50.00511053005432, 99.44749145708006, 99.61223055779938, 99.68452550889751, 99.72741477453374, 99.7565921432655, 99.7780808415134, 99.79475224878163], "Hidden Units": 4, "Learning Rate": 1, "Epochs": 1000000, "Epoch Percentage Finished": 80}