{"Model": "XOR", "Error": [0.49994889469945675], "Accuracy": [50.00511053005432], "Hidden Units": 4, "Learning Rate": 1, "Epochs": 1000000, "Epoch Percentage Finished": 10}