{"Model": "XOR", "Error": [0.5013784068724143], "Accuracy": [49.86215931275857], "Hidden Units": 10, "Learning Rate": 1, "Epochs": 1000000, "Epoch Percentage Finished": 10}