{"Model": "XOR", "Error": [0.5013784068724143, 0.0038299043518612466, 0.0026593568642670354, 0.0021534834632691534, 0.0018556297818951135, 0.001653955465953046, 0.0015059151095027934], "Accuracy": [49.86215931275857, 99.61700956481387, 99.7340643135733, 99.78465165367308, 99.81443702181049, 99.8346044534047, 99.84940848904972], "Hidden Units": 10, "Learning Rate": 1, "Epochs": 1000000, "Epoch Percentage Finished": 70}