{"Model": "XOR", "Error": [0.5108145578933219, 0.013708548146871884], "Accuracy": [48.91854421066781, 98.62914518531282], "Hidden Units": 10, "Learning Rate": 0.001, "Epochs": 1000000, "Epoch Percentage Finished": 20}