{"Model": "XOR", "Error": [0.5108145578933219, 0.013708548146871884, 0.009205262599147047, 0.0073425393806685665, 0.006269841164759641, 0.005553798444129838, 0.005033512188033642, 0.004633976783438216, 0.0043149847538766625], "Accuracy": [48.91854421066781, 98.62914518531282, 99.0794737400853, 99.26574606193314, 99.37301588352405, 99.44462015558702, 99.49664878119664, 99.53660232165618, 99.56850152461233], "Hidden Units": 10, "Learning Rate": 0.001, "Epochs": 1000000, "Epoch Percentage Finished": 90}