{"Model": "XOR", "Error": [0.49964616196715894, 0.018425762028595, 0.012719401545055763, 0.010282198444149335, 0.008852657552410319, 0.007886524053529496], "Accuracy": [50.035383803284105, 98.1574237971405, 98.72805984549441, 98.97178015558507, 99.11473424475898, 99.21134759464705], "Hidden Units": 4, "Learning Rate": 0.001, "Epochs": 1000000, "Epoch Percentage Finished": 60}