{"Model": "XOR", "Error": [0.49964616196715894, 0.018425762028595], "Accuracy": [50.035383803284105, 98.1574237971405], "Hidden Units": 4, "Learning Rate": 0.001, "Epochs": 1000000, "Epoch Percentage Finished": 20}