{"Model": "Sin", "Prediction Error": 0.00014937099242237094, "Prediction Accuracy": 99.98506290075775, "Hidden Units": 8, "Learning Rate": 0.001, "Epochs Training For": 1000000}