{"Model": "Sin", "Error": [0.9415983958223657, 0.001004961569363913], "Accuracy": [5.840160417763429, 99.89950384306361], "Hidden Units": 8, "Learning Rate": 0.001, "Epochs": 1000000, "Epoch Percentage Finished": 20}