{"Model": "Sin", "Error": [0.9415983958223657], "Accuracy": [5.840160417763429], "Hidden Units": 8, "Learning Rate": 0.001, "Epochs": 1000000, "Epoch Percentage Finished": 10}