{"Model": "Sin", "Error": [0.9415983958223657, 0.001004961569363913, 0.00020283418861944888, 0.000141755681864076, 0.00013072641651993324, 0.00012783026630429936, 0.0001269703793669779], "Accuracy": [5.840160417763429, 99.89950384306361, 99.97971658113805, 99.9858244318136, 99.98692735834801, 99.98721697336957, 99.98730296206331], "Hidden Units": 8, "Learning Rate": 0.001, "Epochs": 1000000, "Epoch Percentage Finished": 70}