{"Model": "Sin", "Error": [0.9608537380967641], "Accuracy": [3.914626190323589], "Hidden Units": 10, "Learning Rate": 0.001, "Epochs": 1000000, "Epoch Percentage Finished": 10}