{"Model": "Sin", "Error": [0.9608537380967641, 0.0006662432918986281, 0.0004748185052821949, 0.0004218688576497226], "Accuracy": [3.914626190323589, 99.93337567081014, 99.95251814947179, 99.95781311423502], "Hidden Units": 10, "Learning Rate": 0.001, "Epochs": 1000000, "Epoch Percentage Finished": 40}