{"Model": "XOR", "Error": [0.5008261536875621, 0.029874077886897138], "Accuracy": [49.91738463124379, 97.01259221131029], "Hidden Units": 3, "Learning Rate": 1, "Epochs": 100000, "Epoch Percentage Finished": 20}