{"Model": "XOR", "Error": [0.5008261536875621, 0.029874077886897138, 0.02039492264346925, 0.01643211955441715], "Accuracy": [49.91738463124379, 97.01259221131029, 97.96050773565308, 98.35678804455829], "Hidden Units": 3, "Learning Rate": 1, "Epochs": 100000, "Epoch Percentage Finished": 40}