{"Model": "Sin", "Prediction Error": 0.045906800300665865, "Prediction Accuracy": 95.40931996993342, "Hidden Units": 6, "Learning Rate": 0.001, "Epochs Training For": 1000000}