{"Model": "Sin", "Error": [0.8814250223983128, 0.04848056152938209, 0.042846388041007516, 0.04220305126509765, 0.04194527766957371, 0.04180104359159026, 0.041709468007376585], "Accuracy": [11.857497760168723, 95.15194384706179, 95.71536119589925, 95.77969487349024, 95.80547223304264, 95.81989564084097, 95.82905319926233], "Hidden Units": 6, "Learning Rate": 0.001, "Epochs": 1000000, "Epoch Percentage Finished": 70}