{"Model": "Sin", "Error": [0.8814250223983128, 0.04848056152938209, 0.042846388041007516], "Accuracy": [11.857497760168723, 95.15194384706179, 95.71536119589925], "Hidden Units": 6, "Learning Rate": 0.001, "Epochs": 1000000, "Epoch Percentage Finished": 30}