{"Model": "Sin", "Error": [0.8814250223983128, 0.04848056152938209], "Accuracy": [11.857497760168723, 95.15194384706179], "Hidden Units": 6, "Learning Rate": 0.001, "Epochs": 1000000, "Epoch Percentage Finished": 20}