{"Model": "Sin", "Error": [0.8814250223983128], "Accuracy": [11.857497760168723], "Hidden Units": 6, "Learning Rate": 0.001, "Epochs": 1000000, "Epoch Percentage Finished": 10}