{"Model": "XOR", "Error": [0.49964616196715894, 0.25137145681947665, 0.25134844834735437, 0.2513354243651081, 0.2513266599999606, 0.2513202338278397, 0.25131525637625246, 0.2513112498105956, 0.2513079314325058, 0.25130512194343196], "Accuracy": [50.035383803284105, 74.86285431805233, 74.86515516526457, 74.86645756348919, 74.86733400000394, 74.86797661721603, 74.86847436237476, 74.86887501894044, 74.86920685674943, 74.8694878056568], "Hidden Units": 4, "Learning Rate": 1, "Epochs": 1000000, "Epoch Percentage Finished": 100}