{"Model": "XOR", "Error": [0.49964616196715894], "Accuracy": [50.035383803284105], "Hidden Units": 4, "Learning Rate": 1, "Epochs": 1000000, "Epoch Percentage Finished": 10}