{"Model": "XOR", "Error": [0.49964616196715894, 0.25137145681947665, 0.25134844834735437, 0.2513354243651081], "Accuracy": [50.035383803284105, 74.86285431805233, 74.86515516526457, 74.86645756348919], "Hidden Units": 4, "Learning Rate": 1, "Epochs": 1000000, "Epoch Percentage Finished": 40}