{"Model": "XOR", "Error": [0.5008261536875621, 0.49980241014138993, 0.499155736302742, 0.49338408073402884, 0.444782208560775], "Accuracy": [49.91738463124379, 50.01975898586101, 50.0844263697258, 50.66159192659712, 55.5217791439225], "Hidden Units": 3, "Learning Rate": 1, "Epochs": 1000, "Epoch Percentage Finished": 50}