{"Model": "XOR", "Error": [0.5008261536875621, 0.49980241014138993, 0.499155736302742, 0.49338408073402884, 0.444782208560775, 0.3901115082363551, 0.35604843698463573, 0.3310182618574233, 0.2870886084534491, 0.2296989634393357], "Accuracy": [49.91738463124379, 50.01975898586101, 50.0844263697258, 50.66159192659712, 55.5217791439225, 60.98884917636449, 64.39515630153643, 66.89817381425766, 71.2911391546551, 77.03010365606643], "Hidden Units": 3, "Learning Rate": 1, "Epochs": 1000, "Epoch Percentage Finished": 100}