{"Model": "Sin", "Error": [0.7086677547777203, 1.2904181697813613, 1.2904181697795232, 1.290418169777314], "Accuracy": [29.133224522227973, 0, 0, 0], "Hidden Units": 5, "Learning Rate": 1, "Epochs": 1000000, "Epoch Percentage Finished": 40}