{"Model": "XOR", "Error": [0.5008261536875621, 0.008796383336900538, 0.006177073873212443, 0.0050291148335438645], "Accuracy": [49.91738463124379, 99.12036166630995, 99.38229261267875, 99.49708851664562], "Hidden Units": 3, "Learning Rate": 1, "Epochs": 1000000, "Epoch Percentage Finished": 40}