{"Model": "XOR", "Error": [0.5008261536875621, 0.008796383336900538, 0.006177073873212443, 0.0050291148335438645, 0.004348153687195053, 0.0038848230020099234, 0.0035435043809073975, 0.003278632510257602, 0.0030653764437859284, 0.0028889007150323933], "Accuracy": [49.91738463124379, 99.12036166630995, 99.38229261267875, 99.49708851664562, 99.56518463128049, 99.61151769979901, 99.64564956190925, 99.67213674897424, 99.6934623556214, 99.71110992849677], "Hidden Units": 3, "Learning Rate": 1, "Epochs": 1000000, "Epoch Percentage Finished": 100}