{"Model": "XOR", "Error": [0.5008261536875621, 0.008796383336900538], "Accuracy": [49.91738463124379, 99.12036166630995], "Hidden Units": 3, "Learning Rate": 1, "Epochs": 1000000, "Epoch Percentage Finished": 20}