{"Model": "Sin", "Prediction Error": 0.008679455050196759, "Prediction Accuracy": 99.13205449498032, "Hidden Units": 5, "Learning Rate": 0.001, "Epochs Training For": 1000000}