{"Model": "Sin", "Error": [0.7086677547777203, 0.024151268098258242, 0.011736677696107624, 0.010620316555774023], "Accuracy": [29.133224522227973, 97.58487319017416, 98.82633223038924, 98.9379683444226], "Hidden Units": 5, "Learning Rate": 0.001, "Epochs": 1000000, "Epoch Percentage Finished": 40}