{"Model": "Sin", "Prediction Error": 0.00028749510380581163, "Prediction Accuracy": 99.97125048961942, "Hidden Units": 10, "Learning Rate": 0.001, "Epochs Training For": 1000000}