{"Model": "Sin", "Error": [0.7086677547777203, 1.2904181697828991, 1.2904181697828851, 1.2904181697828705, 1.2904181697828563], "Accuracy": [29.133224522227973, 0, 0, 0, 0], "Hidden Units": 5, "Learning Rate": 1, "Epochs": 10000, "Epoch Percentage Finished": 50}