{"Model": "Sin", "Prediction Error": 0.0005055159249804832, "Prediction Accuracy": 99.94944840750195, "Hidden Units": 9, "Learning Rate": 0.001, "Epochs Training For": 1000000}