{"Model": "Sin", "Error": [0.5550516516375464], "Accuracy": [44.49483483624535], "Hidden Units": 9, "Learning Rate": 0.001, "Epochs": 1000000, "Epoch Percentage Finished": 10}