{"Model": "Sin", "Error": [0.5550516516375464, 0.00202720260288249, 0.0008289820081858691], "Accuracy": [44.49483483624535, 99.79727973971175, 99.91710179918142], "Hidden Units": 9, "Learning Rate": 0.001, "Epochs": 1000000, "Epoch Percentage Finished": 30}