{"Model": "Sin", "Error": [0.5550516516375464, 0.00202720260288249, 0.0008289820081858691, 0.0006394010677068904, 0.000576833043000246, 0.0005401472919228098, 0.0005131559049594297, 0.0004907165191608651, 0.00047133868921623884, 0.0004542850867727115], "Accuracy": [44.49483483624535, 99.79727973971175, 99.91710179918142, 99.93605989322931, 99.94231669569997, 99.94598527080772, 99.94868440950405, 99.9509283480839, 99.95286613107838, 99.95457149132272], "Hidden Units": 9, "Learning Rate": 0.001, "Epochs": 1000000, "Epoch Percentage Finished": 100}