{"Model": "Sin", "Error": [0.5550516516375464, 0.00202720260288249, 0.0008289820081858691, 0.0006394010677068904, 0.000576833043000246, 0.0005401472919228098], "Accuracy": [44.49483483624535, 99.79727973971175, 99.91710179918142, 99.93605989322931, 99.94231669569997, 99.94598527080772], "Hidden Units": 9, "Learning Rate": 0.001, "Epochs": 1000000, "Epoch Percentage Finished": 60}