{"Model": "Sin", "Prediction Error": 0.1504434702811743, "Prediction Accuracy": 84.95565297188257, "Hidden Units": 5, "Learning Rate": 0.01, "Epochs Training For": 1000000}