{"Model": "Sin", "Error": [0.7086677547777203, 0.14801751263715457, 0.1479389080052393, 0.1479142601789221], "Accuracy": [29.133224522227973, 85.19824873628454, 85.20610919947606, 85.2085739821078], "Hidden Units": 5, "Learning Rate": 0.01, "Epochs": 1000000, "Epoch Percentage Finished": 40}