{"Model": "Sin", "Error": [0.7086677547777203, 0.14801751263715457, 0.1479389080052393, 0.1479142601789221, 0.14790263256614494, 0.14789601569091362, 0.14789181140768876, 0.1478889370776663], "Accuracy": [29.133224522227973, 85.19824873628454, 85.20610919947606, 85.2085739821078, 85.2097367433855, 85.21039843090864, 85.21081885923113, 85.21110629223337], "Hidden Units": 5, "Learning Rate": 0.01, "Epochs": 1000000, "Epoch Percentage Finished": 80}