{"Model": "Sin", "Error": [0.7086677547777203, 0.14801751263715457], "Accuracy": [29.133224522227973, 85.19824873628454], "Hidden Units": 5, "Learning Rate": 0.01, "Epochs": 1000000, "Epoch Percentage Finished": 20}