{"Model": "Sin", "Prediction Error": 0.010230484645229423, "Prediction Accuracy": 98.97695153547706, "Hidden Units": 7, "Learning Rate": 0.001, "Epochs Training For": 1000000}