{"Model": "Sin", "Error": [0.8581854098551384, 0.03323684293729424, 0.012081847117912372], "Accuracy": [14.181459014486164, 96.67631570627057, 98.79181528820877], "Hidden Units": 7, "Learning Rate": 0.001, "Epochs": 1000000, "Epoch Percentage Finished": 30}