{"Model": "Sin", "Error": [0.8581854098551384, 0.03323684293729424, 0.012081847117912372, 0.010325237210885156, 0.011059504037726148, 0.01091487195981335, 0.0108034527495581], "Accuracy": [14.181459014486164, 96.67631570627057, 98.79181528820877, 98.96747627891148, 98.89404959622739, 98.90851280401867, 98.9196547250442], "Hidden Units": 7, "Learning Rate": 0.001, "Epochs": 1000000, "Epoch Percentage Finished": 70}