{"Model": "Sin", "Error": [0.8581854098551384], "Accuracy": [14.181459014486164], "Hidden Units": 7, "Learning Rate": 0.001, "Epochs": 1000000, "Epoch Percentage Finished": 10}