{"Model": "Sin", "Prediction Error": 0.4504367157265893, "Prediction Accuracy": 54.95632842734107, "Hidden Units": 5, "Learning Rate": 0.1, "Epochs Training For": 1000000}