{"Model": "Sin", "Error": [0.7086677547777203, 0.41847663407358027, 0.4026242777261222, 0.36451853308056004], "Accuracy": [29.133224522227973, 58.15233659264197, 59.73757222738778, 63.548146691944], "Hidden Units": 5, "Learning Rate": 0.1, "Epochs": 1000000, "Epoch Percentage Finished": 40}