{"Model": "Sin", "Error": [0.7086677547777203, 0.41847663407358027], "Accuracy": [29.133224522227973, 58.15233659264197], "Hidden Units": 5, "Learning Rate": 0.1, "Epochs": 1000000, "Epoch Percentage Finished": 20}