{"Model": "Sin", "Error": [0.7086677547777203], "Accuracy": [29.133224522227973], "Hidden Units": 5, "Learning Rate": 0.1, "Epochs": 1000000, "Epoch Percentage Finished": 10}