{"Model": "Sin", "Error": [0.7086677547777203, 0.41847663407358027, 0.4026242777261222, 0.36451853308056004, 0.38559193375079887, 0.39637063068373424, 0.423195716853933, 0.3535627032724466], "Accuracy": [29.133224522227973, 58.15233659264197, 59.73757222738778, 63.548146691944, 61.44080662492011, 60.36293693162658, 57.6804283146067, 64.64372967275534], "Hidden Units": 5, "Learning Rate": 0.1, "Epochs": 1000000, "Epoch Percentage Finished": 80}