{"Model": "Sin", "Error": [0.7086677547777203, 1.2904181697827692, 1.290418169782623, 1.290418169782474, 1.2904181697823227, 1.2904181697821686], "Accuracy": [29.133224522227973, 0, 0, 0, 0, 0], "Hidden Units": 5, "Learning Rate": 1, "Epochs": 100000, "Epoch Percentage Finished": 60}