{"Model": "Sin", "Prediction Error": 0.024539492314559895, "Prediction Accuracy": 97.546050768544, "Hidden Units": 5, "Learning Rate": 0.0001, "Epochs Training For": 1000000}