{"Model": "Sin", "Error": [0.7086677547777203, 0.037845698337295446], "Accuracy": [29.133224522227973, 96.21543016627045], "Hidden Units": 5, "Learning Rate": 0.0001, "Epochs": 1000000, "Epoch Percentage Finished": 20}