{"Model": "Sin", "Error": [0.7086677547777203, 0.037845698337295446, 0.03410939668098824, 0.03229630134779768, 0.0313168532133593], "Accuracy": [29.133224522227973, 96.21543016627045, 96.58906033190118, 96.77036986522023, 96.86831467866406], "Hidden Units": 5, "Learning Rate": 0.0001, "Epochs": 1000000, "Epoch Percentage Finished": 50}