{"Model": "Sin", "Error": [0.7086677547777203, 0.037845698337295446, 0.03410939668098824], "Accuracy": [29.133224522227973, 96.21543016627045, 96.58906033190118], "Hidden Units": 5, "Learning Rate": 0.0001, "Epochs": 1000000, "Epoch Percentage Finished": 30}