{"Model": "XOR", "Error": [0.5008261536875621, 0.18965339512855162, 0.0862063677352031, 0.06311060832766606, 0.051897411943244404, 0.04500973006993378, 0.04024714553889691, 0.03670859453445679, 0.0339491642966587], "Accuracy": [49.91738463124379, 81.03466048714483, 91.3793632264797, 93.6889391672334, 94.81025880567556, 95.49902699300662, 95.97528544611032, 96.32914054655433, 96.60508357033413], "Hidden Units": 3, "Learning Rate": 1, "Epochs": 10000, "Epoch Percentage Finished": 90}