{"Model": "XOR", "Error": [0.5008261536875621, 0.18965339512855162, 0.0862063677352031], "Accuracy": [49.91738463124379, 81.03466048714483, 91.3793632264797], "Hidden Units": 3, "Learning Rate": 1, "Epochs": 10000, "Epoch Percentage Finished": 30}