{"Model": "XOR", "Error": [0.5008261536875621, 0.5001407609273717, 0.5000730633278639, 0.5000338438986098, 0.49999874541873446, 0.4999653950224854], "Accuracy": [49.91738463124379, 49.98592390726283, 49.99269366721361, 49.99661561013902, 50.000125458126554, 50.00346049775146], "Hidden Units": 3, "Learning Rate": 1, "Epochs": 100, "Epoch Percentage Finished": 60}