{"Model": "XOR", "Error": [0.5008261536875621, 0.5001407609273717, 0.5000730633278639, 0.5000338438986098, 0.49999874541873446, 0.4999653950224854, 0.4999330566014421, 0.4999011560525949, 0.4998691358368436, 0.4998364236855497], "Accuracy": [49.91738463124379, 49.98592390726283, 49.99269366721361, 49.99661561013902, 50.000125458126554, 50.00346049775146, 50.006694339855784, 50.00988439474051, 50.01308641631563, 50.01635763144503], "Hidden Units": 3, "Learning Rate": 1, "Epochs": 100, "Epoch Percentage Finished": 100}