{"Model": "XOR", "Error": [0.5008261536875621, 0.5001407609273717], "Accuracy": [49.91738463124379, 49.98592390726283], "Hidden Units": 3, "Learning Rate": 1, "Epochs": 100, "Epoch Percentage Finished": 20}