{"Model": "XOR", "Error": [0.5008261536875621], "Accuracy": [49.91738463124379], "Hidden Units": 3, "Learning Rate": 1, "Epochs": 100, "Epoch Percentage Finished": 10}